sequence,temperature,n_amino_acids
FQRFAPGC,1.0,8
YPFPFPVFM,1.0,9
YAPFNR,1.0,6
YEAFPEV,1.0,7
YAFSGRFSGAKGSGYGSDLPP,1.0,21
DEPEVDYPDH,1.0,10
CDPFPFE,1.0,7
FFFVGYGQRRKFNRRFNH,1.0,18
LVVVVLPSRLRCYVSRIYC,1.0,19
YDLSPRR,1.0,7
NYPVNHC,1.0,7
DRRPRPSPPHCPRGSKCTKCICRLNGNQTCCNH,1.0,33
DCSRECLCTPERNHECCPEPCGNFCAKNRFKGNH,1.0,34
TPEWFTEW,1.0,8
FYPEPLPGNH,1.0,10
AEYGAVGGGKTC,1.0,12
CWGKGK,1.0,6
APYNITF,1.0,7
FYKFPRFGN,1.0,9
STENKYTNGQRWAVKKQP,1.0,18
KVGTGKILKFQSLTLKL,1.0,17
TAPWY,1.0,5
EAPPEVQGPQSEEYGNTR,1.0,18
PIPFRPVAPPNH,1.0,12
GLGLLSKIRQNILWFLKYERSKKNNAK,1.0,27
VKGTP,1.0,5
YPFNFPGNFS,1.0,10
AVTQQQPEN,1.0,9
CRFSGSCGRGKRGGRGKGFR,1.0,20
IGSKAPKRKKKKVNYKTTKKAMRKYKSKKKKK,1.0,32
ATNFQPE,1.0,7
CDMTVSE,1.0,7
RQIKIAFQARRMKWKK,1.0,16
RWFQNH,1.0,6
AYRFPFR,1.0,7
IPDVDELYPEAR,1.0,12
FFPGTCYPFPG,1.0,11
YPFYPGVGSCSCPNFPRNRLNGFQLNCTC,1.0,29
DVTNTFPSPL,1.0,10
YPLLGRRRRLRH,1.0,12
CMRWSKCCACPRNNECCPERCCKCPKCNCCH,1.0,31
CPGRPCYLGSGCDK,1.0,14
CRFDKWFQNRH,1.0,11
DLDRWPGLPVMNHTYLHTGLTH,1.0,22
YPFNFGNH,1.0,8
TFFYLGRRRQG,1.0,11
YRFSCFSGSKNH,1.0,12
CYPFPCPF,1.0,8
YPFNH,1.0,5
CLNKGYPPRQNH,1.0,12
LTVVWYWT,1.0,8
VQIKIWYKN,1.0,9
TKKYHSPHF,1.0,9
KLTGCETGYLPKKKPRKGAH,1.0,20
YPENFPFA,1.0,8
CGMELDNIRWAH,1.0,12
SYSCPYKTPNCRHLNH,1.0,16
SPHYPCMRATNH,1.0,12
GRGTLTTKALALALLTLEALALAIARREAPEAYALLI,1.0,37
GKATYESALSKFLNENNFE,1.0,19
KPYEGC,1.0,6
RVTVVTTRTTPP,1.0,12
TTFPEPYPYPEPE,1.0,13
MSRNCPPAKSAQKQPY,1.0,16
SAGLTPA,1.0,7
SYRIICF,1.0,7
SYREAEFE,1.0,8
VRRPPPPRYPMY,1.0,12
DYTFPNFH,1.0,8
YPENGFPFRVENNNNH,1.0,16
LGYLLRRIRHRRRIR,1.0,15
CPENFDFF,1.0,8
YPFPH,1.0,5
YPEVCLFNFINH,1.0,12
PGPRPRPFPHPRPGGCRRPRPR,1.0,22
LNYDQS,1.0,6
YPEEGE,1.0,6
FQYFPGVVTPKGKRRPVK,1.0,18
GITLKILAAH,1.0,10
YAFAAP,1.0,6
IRVQC,1.0,5
KHAFKIF,1.0,7
GLWERWYSITTRRYA,1.0,15
YAFSEGA,1.0,7
LKISAKGKKVKRSAKKHSRIKRKQ,1.0,24
KKLAKKLAKAKKLAAKAKKALLAKLKLKLAKAAKAKL,1.0,37
CLLYLSKCP,1.0,9
YPENAVGNPNFPM,1.0,13
YAFGVGGRGLVFSDR,1.0,15
SLLWWPVSLLTWYWTPVTP,1.0,19
YGYDLPF,1.0,7
LCGYGKFGRGRRRRGCGARGCGRC,1.0,24
CGKGRERLAAKLKKLC,1.0,16
CQIYRRFRNKKN,1.0,12
SKSEPCVQRLCRA,1.0,13
TGFALFHGRRRGNRTRRRY,1.0,19
MRPKP,1.0,5
GALTPVHMPQAINHRIIERRSVRY,1.0,24
GGLFLYSTNFPYGAPVKVGRK,1.0,21
YVPEGSKRRG,1.0,10
