sequence,source,bbb_positive,n_amino_acids
PFVYLI,B3PDB_Chemical,1,6
HRPYIAHC,B3PDB_Chemical,1,8
AGYLLGKINLKALAALAKKIL,B3PDB_Chemical,1,21
CAQK,B3PDB_Chemical,1,4
CCAQK,B3PDB_Chemical,1,5
HGLASTLTRWAHYNALIRAF,B3PDB_Chemical,1,20
YAFDVVG,B3PDB_Chemical,1,7
SLSHSPQ,B3PDB_Chemical,1,7
VAARTGEIYVPW,B3PDB_Chemical,1,12
GLHTSATNLYLH,B3PDB_Chemical,1,12
THRPPMWSPVWP,B3PDB_Chemical,1,12
HAIYPRH,B3PDB_Chemical,1,7
TFFYGGSRGKRNNFKTEEY,B3PDB_Chemical,1,19
VRLPPPVKLPPPVRLPPP,B3PDB_Chemical,1,18
CTFFYGGSRGKRNNFKTEE,B3PDB_Chemical,1,19
SHAVSS,B3PDB_Chemical,1,6
SHAVS,B3PDB_Chemical,1,5
TPPVSHAV,B3PDB_Chemical,1,8
CDTPPVC,B3PDB_Chemical,1,7
CNCKAPETALCARRCQQH,B3PDB_Chemical,1,18
RGD,B3PDB_Chemical,1,3
ASTTTNYTNH,B3PDB_Chemical,1,10
FCFWKTCT,B3PDB_Chemical,1,8
FCYWKVCWNH,B3PDB_Chemical,1,10
YAFEVVGNH,B3PDB_Chemical,1,9
YTGFLSNH,B3PDB_Chemical,1,8
CHYGGFLRCHRLNHCH,B3PDB_Chemical,1,16
GIGDPVTCLKSGAICHPVFCPRRYKQIGTCGLPGTKCCKKP,B3PDB_Chemical,1,41
GSSFLSPEHQKAQQRKESKKPPAKLQPR,B3PDB_Chemical,1,28
IKPEAPGEDASPEELNRYYASLRHYLNLVTRQRY,B3PDB_Chemical,1,34
YDPENGCLFDPEN,B3PDB_Chemical,1,13
VPDPR,B3PDB_Chemical,1,5
FCYWRTPENTNH,B3PDB_Chemical,1,12
YCGFCDGLCSGNH,B3PDB_Chemical,1,13
YGGFLRRIRPKLK,B3PDB_Chemical,1,13
NAPVSIPQ,B3PDB_Chemical,1,8
CHP,B3PDB_Chemical,1,3
FNAPFDVGIKLSGVQYQQHSQALNH,B3PDB_Chemical,1,25
DRVYIHPFHL,B3PDB_Chemical,1,10
CWDPVL,B3PDB_Chemical,1,6
PYRLYENKPRRPWIL,B3PDB_Chemical,1,15
PGP,B3PDB_Chemical,1,3
QQLLGTGRVQGYDGYFVLSVEQYLELSDSANNIHFMRQSEINH,B3PDB_Chemical,1,43
MEHFRW,B3PDB_Chemical,1,6
MEHFPGP,B3PDB_Chemical,1,7
YRFA,B3PDB_Chemical,1,4
RPKPQQFFGLMNH,B3PDB_Chemical,1,13
YAGFLR,B3PDB_Chemical,1,6
YRFSAR,B3PDB_Chemical,1,6
YAFGYPSNH,B3PDB_Chemical,1,9
YGLCGFL,B3PDB_Chemical,1,7
FNAPFDVGIKLSGAQYQQHGRALNH,B3PDB_Chemical,1,25
MEYCITFKNH,B3PDB_Chemical,1,10
SSRRCVRLHESCLGQQVPCCDPCATCYCRFFNAFCYCRKLGTAMNPCSRTNH,B3PDB_Chemical,1,52
YAFGYPK,B3PDB_Chemical,1,7
DMTRFNMEKNH,B3PDB_Chemical,1,11
DMTDCITFNMEKNH,B3PDB_Chemical,1,14
PYRNCPHRCPRGNH,B3PDB_Chemical,1,14
YAGFLRNHCHSSCHNHRGGRLSYSRRRFSTSTGRNH,B3PDB_Chemical,1,36
YAGFLRCHSSCHRRLSYSRRRFNH,B3PDB_Chemical,1,24
YSRACPCFFNH,B3PDB_Chemical,1,11
YSRACHCFFNH,B3PDB_Chemical,1,11
TFFYGGCRGKRNNFKTEEY,B3PDB_Chemical,1,19
TFFYGGSRGKRNNFRTEEY,B3PDB_Chemical,1,19
TFFYGGSRGRRNNFRTEEY,B3PDB_Chemical,1,19
HGEGTFTSDLSKQMEEEAVRLFIEWLKNGGPSSGAPPPSNH,B3PDB_Chemical,1,41
VDKPPYLPRPRPPRRIYNRNH,B3PDB_Chemical,1,21
RRLSYSRRRFNH,B3PDB_Chemical,1,12
YGRKKRRQRRRNH,B3PDB_Chemical,1,13
LLIILRRRIRKQAHAHSKNH,B3PDB_Chemical,1,20
AGYLLGKINLKPLAALAKKILNH,B3PDB_Chemical,1,23
CYFQNCPRG,B3PDB_Chemical,1,9
YAFQVVGNH,B3PDB_Chemical,1,9
YAFQAVGNH,B3PDB_Chemical,1,9
RRYAFEVVGNH,B3PDB_Chemical,1,11
RYAFEVVGNH,B3PDB_Chemical,1,10
KKYAFEVVGNH,B3PDB_Chemical,1,11
KYAFEVVGNH,B3PDB_Chemical,1,10
APYAFEVVGNH,B3PDB_Chemical,1,11
MPEGYPENGFPEN,B3PDB_Chemical,1,13
YPENGFPENFNH,B3PDB_Chemical,1,12
YPENGFPENF,B3PDB_Chemical,1,10
YPENGPCLFPENF,B3PDB_Chemical,1,13
YPENGPFFPENF,B3PDB_Chemical,1,12
YPENGPIFPENF,B3PDB_Chemical,1,12
YPFPNH,B3PDB_Chemical,1,6
FYPENGFPEN,B3PDB_Chemical,1,10
YPENGFPENRG,B3PDB_Chemical,1,11
YPENGFC,B3PDB_Chemical,1,7
YPENGFCRPA,B3PDB_Chemical,1,10
CKGKGAKCSRLMYDCCTGSCRSGKC,B3PDB_Chemical,1,25
CKGKGAKCSRLNLEYDCCTGSCRSGKC,B3PDB_Chemical,1,27
CKGKGAHYPCRKTMYDCCSGSCGRRGKC,B3PDB_Chemical,1,28
CLSHYPGSSCSHYPTSYNCCRSCNHYPYSRKCR,B3PDB_Chemical,1,33
THRPPMWSPVWPNH,B3PDB_Chemical,1,14
TNMEHNMERPPMNMEWSPVWPNH,B3PDB_Chemical,1,23
PWVPSWMPPRHTNH,B3PDB_Chemical,1,14
QRFSR,B3PDB_Chemical,1,5
PFPG,B3PDB_Chemical,1,4
SKDYN,B3PDB_Chemical,1,5
GLWEDLLYNINRYAHYIT,B3PDB_Chemical,1,18
HGLASTLTRWAHYNALIRA,B3PDB_Chemical,1,19
QSHYRHISPAQV,B3PDB_Chemical,1,12
RPRTRLHTHRNR,B3PDB_Chemical,1,12
VQQLTKRFSL,B3PDB_Chemical,1,10
HYPWPHMAPNH,B3PDB_Chemical,1,11
HYPWCLPHMAPNH,B3PDB_Chemical,1,13
SGTQEEY,B3PDB_Chemical,1,7
CKFFD,B3PDB_Chemical,1,5
LLVVYPWT,B3PDB_Chemical,1,8
LVVYPWT,B3PDB_Chemical,1,7
PTLHTHNRRRRRRPRTRLHTHRNR,B3PDB_Chemical,1,24
SGSWLRDVWDWICTVLTDFKTWLQSKL,B3PDB_Chemical,1,27
CAVRPYIL,B3PDB_Chemical,1,8
RCAVPYIL,B3PDB_Chemical,1,8
CGFLGGRRRGFGGIGGC,B3PDB_Chemical,1,17
GP,B3PDB_Chemical,1,2
TP,B3PDB_Chemical,1,2
RKRIRLVTKKKR,B3PDB_Chemical,1,12
RKRIRLVTKKKRR,B3PDB_Chemical,1,13
PPL,B3PDB_Chemical,1,3
NFDVLTEQ,B3PDB_Chemical,1,8
NTGSPYE,B3PDB_Chemical,1,7
RQIKIWFQNRRMKWKK,B3PDB_Chemical,1,16
TGNYKALHPHNG,B3PDB_Chemical,1,12
VQITYK,B3PDB_Chemical,1,6
VQILYK,B3PDB_Chemical,1,6
VQIIYK,B3PDB_Chemical,1,6
VQIVYK,B3PDB_Chemical,1,6
VQIYK,B3PDB_Chemical,1,5
KIKKVKKKGRKGSKIKKVKKKGRK,B3PDB_Chemical,1,24
CGKRK,B3PDB_Chemical,1,5
RLLRLLRRRRRRRR,B3PDB_Chemical,1,14
NPNDKYEPF,B3PDB_Chemical,1,9
RGGRLSYSRRRFSTSTGR,B3PDB_Chemical,1,18
