sequence,temperature,n_amino_acids,is_valid,is_unique,is_novel
LVVGYPRRRRNRR,1.0,13,True,True,True
CKEFGPLE,1.0,8,True,True,True
DAAKLAIASHNMKWKDDY,1.0,18,True,True,True
SIPLPRPRPRLPMETH,1.0,16,True,True,True
FKFVVGRGGGGGSGCYLNHYK,1.0,21,True,True,True
WYFQAVFQ,1.0,8,True,True,True
TKPFV,1.0,5,True,True,True
AVQQKQQQP,1.0,9,True,True,True
YNFFP,1.0,5,True,True,True
IKVKK,1.0,5,True,True,True
YPFENC,1.0,6,True,True,True
TKYNFPVTENPV,1.0,12,True,True,True
LLIILRRRIRKQAHAHSK,1.0,18,True,True,False
AVLPVPVCWPVP,1.0,12,True,True,True
SRASARPTYNTNKPERYNH,1.0,19,True,True,True
VKYHFPV,1.0,7,True,True,True
GTVASFTEEQQYQQ,1.0,14,True,True,True
VLNYQYP,1.0,7,True,True,True
CTKTRRKWHR,1.0,10,True,True,True
YAFNSDFPE,1.0,9,True,True,True
YAFAVAVGNG,1.0,10,True,True,True
KCGSCTCPTHCMKKDDCCYADCTNCCTCCTHKCTCR,1.0,36,True,True,True
KHYDPGFPFRGGADEYGRFSMN,1.0,22,True,True,True
AYRFKCVNC,1.0,9,True,True,True
QRGHGGAFLLIALFECINSGSRYC,1.0,24,True,True,True
KTEEEEVV,1.0,8,True,True,True
KLVEALTEYLCKK,1.0,13,True,True,True
CRWRWSCK,1.0,8,True,True,True
QAQQPYVM,1.0,8,True,True,True
KVGTLEIMRKNYKWAA,1.0,16,True,True,True
SAYFPEVGNH,1.0,10,True,True,True
SPENE,1.0,5,True,True,True
VGVKVYKLHRKRRLR,1.0,15,True,True,True
TYGKKYKRRFRENF,1.0,14,True,True,True
GFYLLGVGRRRELRERNH,1.0,18,True,True,True
HHAIPRIWPNH,1.0,11,True,True,True
RHFYPEINGSRRAFKH,1.0,16,True,True,True
CFGGTTCPPCCFGNG,1.0,15,True,True,True
SCCTLPHSGPCC,1.0,12,True,True,True
NRKPVH,1.0,6,True,True,True
FLVMTPE,1.0,7,True,True,True
GRDGLSRIAHPEIRYDIRSGNIC,1.0,23,True,True,True
RLPVE,1.0,5,True,True,True
TFYGGRNGPERGRYYDCNINFPENH,1.0,25,True,True,True
YKIKIKKPK,1.0,9,True,True,True
DRFQQSLGNLEYQ,1.0,13,True,True,True
VPYDK,1.0,5,True,True,True
CLGFYHLTRGGFCIAHCPKC,1.0,20,True,True,True
PYRFPFNH,1.0,8,True,True,True
GSQHHSLAPTSPQSESPEESCGCGPVVTY,1.0,29,True,True,True
RPFLPNHSFP,1.0,10,True,True,True
YGGCFKNFSFSTFFGSSR,1.0,18,True,True,True
DCEHGEWACENGPYDGNRYSH,1.0,21,True,True,True
RQTYGGPEEWINFENH,1.0,16,True,True,True
YPNHVF,1.0,6,True,True,True
SRKFAVIT,1.0,8,True,True,True
EVGASHNCRGATSGPQSAAH,1.0,20,True,True,True
KLFDVQLQNRKQMKWKLC,1.0,18,True,True,True
HYAARAVTCPRNTTNH,1.0,16,True,True,True
PFSFPEV,1.0,7,True,True,True
TVAAL,1.0,5,True,True,True
KFNTGYNTFLYANARARVEEVVVVGKVVGKQQEQRQRQ,1.0,38,True,True,True
SYAYQNH,1.0,7,True,True,True
GKDKSYLGRRLRGRAPERLTPGPELEC,1.0,27,True,True,True
MVTYPCSHRTPA,1.0,12,True,True,True
FLYGGRRRRRRGRDSTC,1.0,17,True,True,True
YGRKKRRR,1.0,8,True,True,True
PPFRRF,1.0,6,True,True,True
ICLPYPTRRNHRDRLH,1.0,16,True,True,True
LTHYYPYP,1.0,8,True,True,True
KKPSRKP,1.0,7,True,True,True
VRVPYWVH,1.0,8,True,True,True
YRFQAAFP,1.0,8,True,True,True
SHFFGDTHLLNWSGEVHYSPR,1.0,21,True,True,True
HYRFSHFPH,1.0,9,True,True,True
CPPYPPF,1.0,7,True,True,True
ACYGRFRIYH,1.0,10,True,True,True
VFEYP,1.0,5,True,True,True
CEWGGCGGGIGADSRCTCSTDCCTERKHRR,1.0,30,True,True,True
AAVVLAPQNQIDV,1.0,13,True,True,True
CSFRH,1.0,5,True,True,True
CYPEF,1.0,5,True,True,True
SGSDTIYQNRYFYGH,1.0,15,True,True,True
TVIYFRFK,1.0,8,True,True,True
SKTPENHR,1.0,8,True,True,True
HHRPE,1.0,5,True,True,True
YAFVVG,1.0,6,True,True,True
PEPVPVGPYPPGTKRRLRYRTRRGEPPRLLYYLPRLNH,1.0,38,True,True,True
PQIRVVKGNHH,1.0,11,True,True,True
CRFQYPVG,1.0,8,True,True,True
LEVYGRRRARK,1.0,11,True,True,True
GKVNKYATPQTKKTTRKKKTPQNQRITKKYNRSL,1.0,34,True,True,True
CAYAGKRFSIKNCRSANASAKANASMA,1.0,27,True,True,True
PYPNPHRH,1.0,8,True,True,True
EVTEFEVGNGYSLSEQRNPRRKRGKKRSR,1.0,29,True,True,True
TKPTGLKYFLMNA,1.0,13,True,True,True
SFSPSKSYGRKRQPEH,1.0,16,True,True,True
YPHLPENH,1.0,8,True,True,True
YKYAFANH,1.0,8,True,True,True
WELVVGYAYPSENYAL,1.0,16,True,True,True
